comment_id,self_text,subreddit,created_time,post_id,author_name,user_account_created_time,user_total_karma,vader_text,cleaned_text,sentiment_score
k3s6g72,What's truly terrifying is that people believe this kind of crap is real.,TerrifyingAsFuck,2023-10-06 22:53:52,171ibwg,fasolecucarnat,2019-12-18 22:25:15,2425.0,What's truly terrifying is that people believe this kind of crap is real.,truly terrifying people believe kind crap real,-0.5709
k3rzmlb,"""all the sex toys in the room turn on and start hovering""",TerrifyingAsFuck,2023-10-06 22:04:57,171ibwg,active_heart3910,2023-05-13 09:44:40,10256.0,"""all the sex toys in the room turn on and start hovering""",sex toys room turn start hovering,0.0
k3rl5hy,Apartheid state,ActualPublicFreakouts,2023-10-06 20:30:33,1713681,crockbox,2017-03-18 16:45:36,1848.0,Apartheid state,apartheid state,0.0
k3rkm0s,"That’s how they all sound. Repetition of the same idiotic slogan. In other terms, you’re being confidently incorrect when you *really* shouldn’t be.",ActualPublicFreakouts,2023-10-06 20:27:09,1713681,cutoffthought,2019-06-28 03:11:59,73514.0,"That’s how they all sound. Repetition of the same idiotic slogan. In other terms, you’re being confidently incorrect when you *really* shouldn’t be.",sound repetition idiotic slogan terms confidently incorrect really,-0.128
k3rkbu3,"LMAOOO favorite comment on the thread, right here.",ActualPublicFreakouts,2023-10-06 20:25:24,1713681,cutoffthought,2019-06-28 03:11:59,73514.0,"LMAOOO favorite comment on the thread, right here.",lmaooo favorite comment thread right,0.4588
k3rk1h5,Your anti-semitism is showing,ActualPublicFreakouts,2023-10-06 20:23:35,1713681,infinitepth799,,0.0,Your anti-semitism is showing,showing,0.0
k3rgxw1,OK anti semite,ActualPublicFreakouts,2023-10-06 20:04:24,1713681,[deleted],,0.0,OK anti semite,ok anti semite,0.1613
k3rgoh6,"They are settlers, literal colonists. They aren't simple civilians being attacked.",ActualPublicFreakouts,2023-10-06 20:02:46,1713681,houseofyass,2023-07-03 14:39:54,38631.0,"They are settlers, literal colonists. They aren't simple civilians being attacked.",settlers literal colonists simple civilians attacked,-0.4588
k3rez5m,Ridiculous. I can hate America and not hate Americans. Your ethno state is showing.,ActualPublicFreakouts,2023-10-06 19:52:20,1713681,rowech,2011-12-16 02:42:19,16961.0,Ridiculous. I can hate America and not hate Americans. Your ethno state is showing.,ridiculous hate america hate americans ethno state showing,-0.872
k3rewlz,"Me and my issues are not the topic here ![gif](emote|free_emotes_pack|joy)

Watch the terror attack in the video, this is the topic.

1. What do you think of the terror attack in video?
2. Can you prove it is fake and didn't happen yesterday?

Anything else I don't care, me and my issues, we don't care.",ActualPublicFreakouts,2023-10-06 19:51:54,1713681,system_deleted,,0.0,"Me and my issues are not the topic here ![gif](emote|free_emotes_pack|joy)

Watch the terror attack in the video, this is the topic.

1. What do you think of the terror attack in video?
2. Can you prove it is fake and didn't happen yesterday?

Anything else I don't care, me and my issues, we don't care.",issues topic gif watch terror attack video topic think terror attack video prove fake happen yesterday anything else care issues care,-0.9683
k3reo5u,"I hate you for being a worthless piece of anti-semitic shit, is that clear enough for you?",ActualPublicFreakouts,2023-10-06 19:50:29,1713681,infinitepth799,,0.0,"I hate you for being a worthless piece of anti-semitic shit, is that clear enough for you?",hate worthless piece shit clear enough,-0.8225
k3reax0,"Ah this dude again, the conflict happening in the middle east and especially in that area is complex and definitely not one sided. Both Palestinians and Israelis are at fault and at the same time the victims. Op is just an angry man trying to rile up one sided hatred against Palestinians. Op has some serious issues just check out his other content",ActualPublicFreakouts,2023-10-06 19:48:15,1713681,ieatcatsfordinner69,,0.0,"Ah this dude again, the conflict happening in the middle east and especially in that area is complex and definitely not one sided. Both Palestinians and Israelis are at fault and at the same time the victims. Op is just an angry man trying to rile up one sided hatred against Palestinians. Op has some serious issues just check out his other content",ah dude conflict happening middle east especially area complex definitely one sided palestinians israelis fault time victims op angry man trying rile one sided hatred palestinians op serious issues check content,-0.9081
k3rdaml,I hate Israel for what they’ve done to the Palestinians. Was that clear enough for you?,ActualPublicFreakouts,2023-10-06 19:42:09,1713681,thereverend6661,,101.0,I hate Israel for what they’ve done to the Palestinians. Was that clear enough for you?,hate israel done palestinians clear enough,-0.2732
k3rd1yw,"Well, it's good.

In my area it's either IDF or ISIS.",ActualPublicFreakouts,2023-10-06 19:40:42,1713681,system_deleted,,0.0,"Well, it's good.

In my area it's either IDF or ISIS.",well good area either idf isis,0.6124
k3raphu,"No, that's not what we say.

In Judaism we say: ""Wisdom of the nations, learn from them""",ActualPublicFreakouts,2023-10-06 19:26:08,1713681,system_deleted,,0.0,"No, that's not what we say.

In Judaism we say: ""Wisdom of the nations, learn from them""",say judaism say wisdom nations learn,0.296
k3r7hfs,"Right, it seems like the IDF is in charge.",ActualPublicFreakouts,2023-10-06 19:06:23,1713681,skeevester,2014-08-04 20:12:06,21792.0,"Right, it seems like the IDF is in charge.",right seems like idf charge,0.3612
k3r74u1,That’s what I think of the video and you,ActualPublicFreakouts,2023-10-06 19:04:11,1713681,no-task-4819,2020-10-25 07:48:41,2862.0,That’s what I think of the video and you,think video,0.0
k3r4eyo,what's going on with the car that's recording this? (bottom left of the screen) it looks like they're shooting through the windshield,ActualPublicFreakouts,2023-10-06 18:47:29,1713681,lifeabroad86,2015-09-11 20:27:57,48101.0,what's going on with the car that's recording this? (bottom left of the screen) it looks like they're shooting through the windshield,going car recording bottom left screen looks like shooting windshield,0.3612
k3r343j,"FROM THE RIVER TO THE SEA, PALESTINE WILL BE FREE. 

FREE FREE PALESTINE!!!",ActualPublicFreakouts,2023-10-06 18:39:25,1713681,1catcherintherye8,2020-01-18 16:22:33,60969.0,"FROM THE RIVER TO THE SEA, PALESTINE WILL BE FREE. 

FREE FREE PALESTINE!!!",river sea palestine free free free palestine,0.8951
k3r1zqh,"Free, free, they are free to murder each other as much they want, including homosexuals.

Islamic Jihad, Hamas, you choose, go enjoy with them Ms.Catherine ![gif](emote|free_emotes_pack|facepalm)

I'm sure they welcome you and your leftist liberalism lol

[https://www.youtube.com/watch?v=IZX\_SVPSLIM](https://www.youtube.com/watch?v=IZX_SVPSLIM)

[https://www.youtube.com/watch?v=Dm7DsDLzg9I](https://www.youtube.com/watch?v=Dm7DsDLzg9I)",ActualPublicFreakouts,2023-10-06 18:32:34,1713681,system_deleted,,0.0,"Free, free, they are free to murder each other as much they want, including homosexuals.

Islamic Jihad, Hamas, you choose, go enjoy with them Ms.Catherine ![gif](emote|free_emotes_pack|facepalm)

I'm sure they welcome you and your leftist liberalism lol

[

[",free free free murder much want including homosexuals islamic jihad hamas choose go enjoy gif sure welcome leftist liberalism lol,0.9441
k3r1q6r,Religion 🤮,ActualPublicFreakouts,2023-10-06 18:30:57,1713681,iamthefluffyyeti,2019-11-29 05:54:17,124273.0,Religion 🤮,religion,0.0
k3r12iy,"FROM THE RIVER TO THE SEA, PALESTINE WILL BE FREE. 

FREE FREE PALESTINE!!!",ActualPublicFreakouts,2023-10-06 18:26:58,1713681,1catcherintherye8,2020-01-18 16:22:33,60969.0,"FROM THE RIVER TO THE SEA, PALESTINE WILL BE FREE. 

FREE FREE PALESTINE!!!",river sea palestine free free free palestine,0.8951
k3r0ib3,"Falsetine doesn't exist ![gif](emote|free_emotes_pack|joy)

You want everything? You get nothing.

Focus on your cosplaying and other communist bullshit you do, let the adults solve the conflicts.",ActualPublicFreakouts,2023-10-06 18:23:36,1713681,system_deleted,,0.0,"Falsetine doesn't exist ![gif](emote|free_emotes_pack|joy)

You want everything? You get nothing.

Focus on your cosplaying and other communist bullshit you do, let the adults solve the conflicts.",falsetine exist gif want everything get nothing focus cosplaying communist bullshit let adults solve conflicts,-0.68
k3r0cnu,"FROM THE RIVER TO THE SEA, PALESTINE WILL BE FREE. 

FREE FREE PALESTINE!!!",ActualPublicFreakouts,2023-10-06 18:22:38,1713681,1catcherintherye8,2020-01-18 16:22:33,60969.0,"FROM THE RIVER TO THE SEA, PALESTINE WILL BE FREE. 

FREE FREE PALESTINE!!!",river sea palestine free free free palestine,0.8951
k3qyrh6,"Palestinian population boomed when the Isreali jews showed up and started making the area more economically viable.
 
If they were wiping out Palestinians, why does their population continue to rise?",ActualPublicFreakouts,2023-10-06 18:12:58,1713681,natfigga,2018-03-23 16:25:26,10378.0,"Palestinian population boomed when the Isreali jews showed up and started making the area more economically viable.
 
If they were wiping out Palestinians, why does their population continue to rise?",palestinian population boomed isreali jews showed started making area economically viable wiping palestinians population continue rise,0.0
k3qy0hh,"It's not r/PublicFreakout here, you are confused, the jihad and the progressives do-gooders aren't in charge here as they are in there censoring according to their agenda.",ActualPublicFreakouts,2023-10-06 18:08:25,1713681,system_deleted,,0.0,"It's not r/PublicFreakout here, you are confused, the jihad and the progressives do-gooders aren't in charge here as they are in there censoring according to their agenda.",confused jihad progressives charge censoring according agenda,-0.3182
k3qxx30,Go watch Andrew Gold interview the Father.   It's an eye opener.,TerrifyingAsFuck,2023-10-06 18:07:51,171ibwg,emleigh2277,2021-03-24 20:37:38,53268.0,Go watch Andrew Gold interview the Father.   It's an eye opener.,go watch andrew gold interview father eye opener,0.0
k3qxopp,Lot's of IDF boot-licking propagandists in the comment thread.,ActualPublicFreakouts,2023-10-06 18:06:27,1713681,skeevester,2014-08-04 20:12:06,21792.0,Lot's of IDF boot-licking propagandists in the comment thread.,lot idf propagandists comment thread,0.0
k3qxh0w,"Is the IDF going to go after the terrorists in their own ranks? The ones that have been murdering innocent people? 

Also, I wonder why this guy was angry enough at Israel to do something like this?",ActualPublicFreakouts,2023-10-06 18:05:11,1713681,skeevester,2014-08-04 20:12:06,21792.0,"Is the IDF going to go after the terrorists in their own ranks? The ones that have been murdering innocent people? 

Also, I wonder why this guy was angry enough at Israel to do something like this?",idf going go terrorists ranks ones murdering innocent people also wonder guy angry enough israel something like,-0.8534
k3qsqgg,And what do you think of this video?,ActualPublicFreakouts,2023-10-06 17:36:47,1713681,system_deleted,,0.0,And what do you think of this video?,think video,0.0
k3qq2db,I’ve seen worst from israel towards Palestine or others,ActualPublicFreakouts,2023-10-06 17:20:48,1713681,onixcopal,2020-11-16 14:11:51,5172.0,I’ve seen worst from israel towards Palestine or others,seen worst israel towards palestine others,-0.6249
k3qp9ic,The responses by Palestine supporters in this thread are very telling. Good job OP,ActualPublicFreakouts,2023-10-06 17:15:58,1713681,[deleted],,0.0,The responses by Palestine supporters in this thread are very telling. Good job OP,responses palestine supporters thread telling good job op,0.7251
k3qowa2,"Everyone here needs to watch Attack On Titan. You are all at step 1 of this discussion. AoT is on step 100. Covers this predicament/discussion with disturbing accuracy. 

Yes its an anime. An anime is a story. A story can reflect accurate/insightful information.",ActualPublicFreakouts,2023-10-06 17:13:43,1713681,gcbofficial,2014-10-13 06:09:44,25262.0,"Everyone here needs to watch Attack On Titan. You are all at step 1 of this discussion. AoT is on step 100. Covers this predicament/discussion with disturbing accuracy. 

Yes its an anime. An anime is a story. A story can reflect accurate/insightful information.",everyone needs watch attack titan step discussion aot step covers disturbing accuracy yes anime anime story story reflect information,-0.5719
k3qo9b3,"As a U.S. citizen this actually concerns me greatly, like where is the oversight, how come we send SO MUCH MONEY? It’s very odd. I just saw a news article where a Texas teacher was fired because she refused to sign a document that said she wouldn’t badmouth Israel. Odd odd odd",ActualPublicFreakouts,2023-10-06 17:09:47,1713681,der_nelmand,2020-09-30 02:57:45,290.0,"As a U.S. citizen this actually concerns me greatly, like where is the oversight, how come we send SO MUCH MONEY? It’s very odd. I just saw a news article where a Texas teacher was fired because she refused to sign a document that said she wouldn’t badmouth Israel. Odd odd odd",citizen actually concerns greatly like oversight come send much money odd saw news article texas teacher fired refused sign document said badmouth israel odd odd odd,-0.9019
k3qnc6o,Yeah I got banned from there for saying all y’all post is death to Jews content. Meanwhile both sides make fools of themselves on the regular and can’t get along. There’s a point where it’s both sides fault and trying to pontificate on how horrid Jews are to Muslims in Israel falls flat.,ActualPublicFreakouts,2023-10-06 17:04:10,1713681,dblack1107,2018-06-24 17:38:57,51418.0,Yeah I got banned from there for saying all y’all post is death to Jews content. Meanwhile both sides make fools of themselves on the regular and can’t get along. There’s a point where it’s both sides fault and trying to pontificate on how horrid Jews are to Muslims in Israel falls flat.,yeah got banned saying post death jews content meanwhile sides make fools regular get along point sides fault trying pontificate horrid jews muslims israel falls flat,-0.9337
k3qmkdd,"From the ""river"" to the ""sea"" means to destroy Israel and not two state solution.

When I hear you chant this bullshit and that you want to destroy my country, I will definitely fight for my independence. Anything else you learned to chant keyboard warrior?

You play zero-sum game, everything or nothing.

You got nothing so far.",ActualPublicFreakouts,2023-10-06 16:59:28,1713681,system_deleted,,0.0,"From the ""river"" to the ""sea"" means to destroy Israel and not two state solution.

When I hear you chant this bullshit and that you want to destroy my country, I will definitely fight for my independence. Anything else you learned to chant keyboard warrior?

You play zero-sum game, everything or nothing.

You got nothing so far.",river sea means destroy israel two state solution hear chant bullshit want destroy country definitely fight independence anything else learned chant keyboard warrior play game everything nothing got nothing far,-0.8925
k3qlye7,Dashboard camera.,ActualPublicFreakouts,2023-10-06 16:55:46,1713681,system_deleted,,0.0,Dashboard camera.,dashboard camera,0.0
k3qkl03,What is the other guy recording shooting from the car?,ActualPublicFreakouts,2023-10-06 16:47:26,1713681,no-two5494,,0.0,What is the other guy recording shooting from the car?,guy recording shooting car,0.0
k3qk7cj,Says the Israeli fascist,ActualPublicFreakouts,2023-10-06 16:45:05,1713681,[deleted],,0.0,Says the Israeli fascist,says israeli fascist,-0.5574
k3qjti9,"Learn history, Israel got independence a few decades before the American aid and managed to defeat all Arab countries neighboring her all together and several times.

With no aid.",ActualPublicFreakouts,2023-10-06 16:42:42,1713681,system_deleted,,0.0,"Learn history, Israel got independence a few decades before the American aid and managed to defeat all Arab countries neighboring her all together and several times.

With no aid.",learn history israel got independence decades american aid managed defeat arab countries neighboring together several times aid,-0.6369
k3qix72,"First ""Falsetinian"" leader &amp; Grand Mufti of Jerusalem, Haj Ameen al-Husseini was a nazi and met with Hitler. He had an office and salary from the Nazi regime.

https://encyclopedia.ushmm.org/content/en/film/hajj-amin-al-husayni-meets-hitler

He eventually escaped from Jerusalem dressed as a woman ![gif](emote|free_emotes_pack|joy)

Current ""Falsetinian"" leader, Mahmoud Abbas is also a known holocaust denier who recently had a speech in Arabic about it.

**That's Palestinian pro-nazi history in short.**

I'm sure many people aren't aware of that but now they will learn how Falsetinian leaders support Nazism, just because you called Israelis ""Nazis"".",ActualPublicFreakouts,2023-10-06 16:37:11,1713681,system_deleted,,0.0,"First ""Falsetinian"" leader &amp; Grand Mufti of Jerusalem, Haj Ameen al-Husseini was a nazi and met with Hitler. He had an office and salary from the Nazi regime.



He eventually escaped from Jerusalem dressed as a woman ![gif](emote|free_emotes_pack|joy)

Current ""Falsetinian"" leader, Mahmoud Abbas is also a known holocaust denier who recently had a speech in Arabic about it.

**That's Palestinian pro-nazi history in short.**

I'm sure many people aren't aware of that but now they will learn how Falsetinian leaders support Nazism, just because you called Israelis ""Nazis"".",first falsetinian leader amp grand mufti jerusalem haj ameen nazi met hitler office salary nazi regime eventually escaped jerusalem dressed woman gif current falsetinian leader mahmoud abbas also known holocaust denier recently speech arabic palestinian history short sure many people aware learn falsetinian leaders support nazism called israelis nazis,0.6948
k3qibq4,"Violent jihadist, that's what you are.",ActualPublicFreakouts,2023-10-06 16:33:30,1713681,system_deleted,,0.0,"Violent jihadist, that's what you are.",violent jihadist,-0.5994
k3qi9ow,"And how many Palestinians murder Palestinians in clan clashes you know?

So far 200 hundred this year only in Israel (Gaza and West Bank not included).",ActualPublicFreakouts,2023-10-06 16:33:09,1713681,system_deleted,,0.0,"And how many Palestinians murder Palestinians in clan clashes you know?

So far 200 hundred this year only in Israel (Gaza and West Bank not included).",many palestinians murder palestinians clan clashes know far hundred year israel gaza west bank included,-0.6908
k3qdm1i,"So does Israel. USA funding them with a lot of money. You guys are really comfortable with Benjamin taking those dollars and pretending Israel isn't killing hundreds of Palestinians. I wonder what the conversion is, but Israel is definitely killing more people than Palestine.",ActualPublicFreakouts,2023-10-06 16:04:52,1713681,queasy_finance_5143,2020-10-14 21:20:57,3652.0,"So does Israel. USA funding them with a lot of money. You guys are really comfortable with Benjamin taking those dollars and pretending Israel isn't killing hundreds of Palestinians. I wonder what the conversion is, but Israel is definitely killing more people than Palestine.",israel usa funding lot money guys really comfortable benjamin taking dollars pretending israel killing hundreds palestinians wonder conversion israel definitely killing people palestine,0.9198
k3qdb6d,Not at all what he is saying.,ActualPublicFreakouts,2023-10-06 16:03:01,1713681,queasy_finance_5143,2020-10-14 21:20:57,3652.0,Not at all what he is saying.,saying,0.0
k3qd9qk,Stupid take. Zion is poison to the children of tomorrow for Jews and others all over the world.,ActualPublicFreakouts,2023-10-06 16:02:46,1713681,queasy_finance_5143,2020-10-14 21:20:57,3652.0,Stupid take. Zion is poison to the children of tomorrow for Jews and others all over the world.,stupid take zion poison children tomorrow jews others world,-0.7845
k3qcgia,"Or maybe these guys…

https://www.rhr.org.il/eng?lang=en",ActualPublicFreakouts,2023-10-06 15:57:52,1713681,madhatter1317,2020-05-04 15:28:35,66765.0,Or maybe these guys…,maybe,0.0
k3qca50,"FROM THE RIVER TO THE SEA, PALESTINE WILL BE FREE. 

FREE FREE PALESTINE!!!",ActualPublicFreakouts,2023-10-06 15:56:47,1713681,1catcherintherye8,2020-01-18 16:22:33,60969.0,"FROM THE RIVER TO THE SEA, PALESTINE WILL BE FREE. 

FREE FREE PALESTINE!!!",river sea palestine free free free palestine,0.8951
k3q9o5k,"2 out of $3 billion, Israel is obligated to purchase from American industries. The $1 billion is for technology development on Israeli side that is being shared with the US.

For example, US sends $2 billion each year for Egypt yet you can't consider them as a democracy and as for alliance, they are now flirting with Russia....

Funny right? Check all the countries that get aid from the US and tell me if they are democracies and what their alliance worth.",ActualPublicFreakouts,2023-10-06 15:41:03,1713681,system_deleted,,0.0,"2 out of $3 billion, Israel is obligated to purchase from American industries. The $1 billion is for technology development on Israeli side that is being shared with the US.

For example, US sends $2 billion each year for Egypt yet you can't consider them as a democracy and as for alliance, they are now flirting with Russia....

Funny right? Check all the countries that get aid from the US and tell me if they are democracies and what their alliance worth.",billion israel obligated purchase american industries billion technology development israeli side shared us example us sends billion year egypt yet ca consider democracy alliance flirting russia funny right check countries get aid us tell democracies alliance worth,0.7906
k3q870j,"Ok. That's it.

It's a bad thing which you condemn and also can't say it didn't happen.

I also think it's a bad thing and glad that this terrorist is in hell now.

Thank you.",ActualPublicFreakouts,2023-10-06 15:32:05,1713681,system_deleted,,0.0,"Ok. That's it.

It's a bad thing which you condemn and also can't say it didn't happen.

I also think it's a bad thing and glad that this terrorist is in hell now.

Thank you.",bad thing condemn also ca say happen also think bad thing glad terrorist hell thank,-0.9217
k3q7f2l,"i think the man in the video is doing something bad. that says nothing about whether or not you are a propaganda account (which you obviously are)

yeah i didn’t say it didn’t happen, i said you’re a propaganda account lol. one look at your post history makes that obvious",ActualPublicFreakouts,2023-10-06 15:27:18,1713681,khmerspirit14,2022-06-10 16:18:31,3575.0,"i think the man in the video is doing something bad. that says nothing about whether or not you are a propaganda account (which you obviously are)

yeah i didn’t say it didn’t happen, i said you’re a propaganda account lol. one look at your post history makes that obvious",think man video something bad says nothing whether propaganda account obviously yeah say happen said propaganda account lol one look post history makes obvious,0.4552
k3q7csy,"&gt; Israel has a functioning democracy and individual liberties

Funny how that works when you got the US sending you billions in aid.",ActualPublicFreakouts,2023-10-06 15:26:55,1713681,doomguyiii,,204.0,"&gt; Israel has a functioning democracy and individual liberties

Funny how that works when you got the US sending you billions in aid.",gt israel functioning democracy individual liberties funny works got us sending billions aid,0.7351
k3q6z0f,You can join Hamas or ISIS then.,ActualPublicFreakouts,2023-10-06 15:24:33,1713681,system_deleted,,0.0,You can join Hamas or ISIS then.,join hamas isis,0.296
k3q6ay9,Importantly to remember IDF terrorist families are also paid after their deaths.,ActualPublicFreakouts,2023-10-06 15:20:29,1713681,cj4700,2017-07-16 23:25:27,61864.0,Importantly to remember IDF terrorist families are also paid after their deaths.,importantly remember idf terrorist families also paid deaths,-0.5267
k3q64ic,Tell me you know nothin about Israel,ActualPublicFreakouts,2023-10-06 15:19:24,1713681,shipthebreadtofred,2009-10-12 23:52:37,35492.0,Tell me you know nothin about Israel,tell know nothin israel,0.0
k3q5s1p,Free Palestine from the xenophobic and bigoted Israelis,ActualPublicFreakouts,2023-10-06 15:17:13,1713681,arturo_lemus,2013-03-22 01:17:41,147511.0,Free Palestine from the xenophobic and bigoted Israelis,free palestine xenophobic bigoted israelis,0.5106
k3q5hiv,"Coming from the Israeli propaganda machine on the internet, ouch hurts so much",ActualPublicFreakouts,2023-10-06 15:15:23,1713681,showars,2013-10-21 23:10:00,16588.0,"Coming from the Israeli propaganda machine on the internet, ouch hurts so much",coming israeli propaganda machine internet ouch hurts much,-0.6249
k3q5dzs,Another keyboard warrior ![gif](emote|free_emotes_pack|poop),ActualPublicFreakouts,2023-10-06 15:14:47,1713681,system_deleted,,0.0,Another keyboard warrior ![gif](emote|free_emotes_pack|poop),another keyboard warrior gif,0.0
k3q553w,Fuck Israel. Apartheid hypocritical cunts,ActualPublicFreakouts,2023-10-06 15:13:14,1713681,showars,2013-10-21 23:10:00,16588.0,Fuck Israel. Apartheid hypocritical cunts,fuck israel apartheid hypocritical cunts,-0.886
k3q4xgf,"Free Palestine from Hamas terrorists.

They are not so different than ISIS.

What a beautiful language you use.",ActualPublicFreakouts,2023-10-06 15:11:55,1713681,system_deleted,,0.0,"Free Palestine from Hamas terrorists.

They are not so different than ISIS.

What a beautiful language you use.",free palestine hamas terrorists different isis beautiful language use,0.4767
k3q4mep,"Nope, some of us are also from countries that have been oppressed and killed by invading countries. Anyone who previously was owned by Britain for example.",ActualPublicFreakouts,2023-10-06 15:10:00,1713681,showars,2013-10-21 23:10:00,16588.0,"Nope, some of us are also from countries that have been oppressed and killed by invading countries. Anyone who previously was owned by Britain for example.",nope us also countries oppressed killed invading countries anyone previously owned britain example,-0.8225
k3q4ea9,Free Palestine get fucked,ActualPublicFreakouts,2023-10-06 15:08:35,1713681,showars,2013-10-21 23:10:00,16588.0,Free Palestine get fucked,free palestine get fucked,-0.2732
k3q4apb,Hamas promotes the JQ and has stated their goal as removing Jews entirely from the region. Don’t get me wrong I don’t sympathize with the hardcore racist far-right Israelis who say the same thing about Palestinians. But let’s not pretend Hamas is a good thing.,ActualPublicFreakouts,2023-10-06 15:07:58,1713681,nike_rules,2010-11-22 15:27:53,94928.0,Hamas promotes the JQ and has stated their goal as removing Jews entirely from the region. Don’t get me wrong I don’t sympathize with the hardcore racist far-right Israelis who say the same thing about Palestinians. But let’s not pretend Hamas is a good thing.,hamas promotes jq stated goal removing jews entirely region get wrong sympathize hardcore racist israelis say thing palestinians let pretend hamas good thing,0.3493
k3q3upg,I know many Jews that I love and I am glad that I have not met many people like you. Your arguments don’t makes sense asking for compassion based on hatred. Truly a Zionist for a cause that has nothing to do with your religion just based on colonization and oppression.,ActualPublicFreakouts,2023-10-06 15:05:11,1713681,no-regret-8793,2020-10-09 19:09:10,6732.0,I know many Jews that I love and I am glad that I have not met many people like you. Your arguments don’t makes sense asking for compassion based on hatred. Truly a Zionist for a cause that has nothing to do with your religion just based on colonization and oppression.,know many jews love glad met many people like arguments makes sense asking compassion based hatred truly zionist cause nothing religion based colonization oppression,0.8271
k3q1v04,"You don't want to answer, I wonder why?

Happened yesterday, I didn't make this up. 

What do you think of it?",ActualPublicFreakouts,2023-10-06 14:52:41,1713681,system_deleted,,0.0,"You don't want to answer, I wonder why?

Happened yesterday, I didn't make this up. 

What do you think of it?",want answer wonder happened yesterday make think,-0.1486
k3q1lya,"Car recording is also firing , they firing on the insurgent?",ActualPublicFreakouts,2023-10-06 14:51:09,1713681,awayeez,2017-06-18 17:30:05,9339.0,"Car recording is also firing , they firing on the insurgent?",car recording also firing firing insurgent,-0.5859
k3q1dxa,lmao why? if you are clearly a propaganda account that seems pretty relevant.,ActualPublicFreakouts,2023-10-06 14:49:47,1713681,khmerspirit14,2022-06-10 16:18:31,3575.0,lmao why? if you are clearly a propaganda account that seems pretty relevant.,lmao clearly propaganda account seems pretty relevant,0.8316
k3q0zzc,imagine murdering innocent people over a sky fairy,ActualPublicFreakouts,2023-10-06 14:47:21,1713681,mrgreenranger,2021-04-15 18:25:35,3373.0,imagine murdering innocent people over a sky fairy,imagine murdering innocent people sky fairy,-0.4404
k3pzzlq,I have seen videos of jews spitting on Christian tourists and abusing nuns.,ActualPublicFreakouts,2023-10-06 14:41:01,1713681,evilspeaks,,378.0,I have seen videos of jews spitting on Christian tourists and abusing nuns.,seen videos jews spitting christian tourists abusing nuns,-0.4588
k3pyd9m,"Blind propagandized idiots in this thread (and most of reddit, who are also mostly idiots go figure) who just say both sides are the reason palestinians will never find peace or justice. You pretend to care about peace and safety but all you want is revenge.

Israel won already. There is no 'connection to the land' claim or anything like that in reality. Israel has a functioning democracy and individual liberties. Most of the middle east does not. Palestinians are responsible for almost all of the violence directed at them for the last two decades. If they put down their weapons, the war would be over.",ActualPublicFreakouts,2023-10-06 14:30:45,1713681,mehliana,2017-06-27 17:22:17,100302.0,"Blind propagandized idiots in this thread (and most of reddit, who are also mostly idiots go figure) who just say both sides are the reason palestinians will never find peace or justice. You pretend to care about peace and safety but all you want is revenge.

Israel won already. There is no 'connection to the land' claim or anything like that in reality. Israel has a functioning democracy and individual liberties. Most of the middle east does not. Palestinians are responsible for almost all of the violence directed at them for the last two decades. If they put down their weapons, the war would be over.",blind propagandized idiots thread reddit also mostly idiots go figure say sides reason palestinians never find peace justice pretend care peace safety want revenge israel already land claim anything like reality israel functioning democracy individual liberties middle east palestinians responsible almost violence directed last two decades put weapons war would,-0.9041
k3pxp5g,Already here by the dozens lol.,ActualPublicFreakouts,2023-10-06 14:26:26,1713681,bluetoaddude,,63.0,Already here by the dozens lol.,already dozens lol,0.4215
k3pwxqy,FREE PALESTINE FROM OPPRESSIVE ISRAEL.,ActualPublicFreakouts,2023-10-06 14:21:32,1713681,zayyanzbh,2019-08-14 23:46:36,2000.0,FREE PALESTINE FROM OPPRESSIVE ISRAEL.,free palestine oppressive israel,0.1531
k3pwf3n,Israel has been doing it to Palestinians for a very long time too…,ActualPublicFreakouts,2023-10-06 14:18:12,1713681,m4l1ci0u5,2020-08-10 15:22:16,1486.0,Israel has been doing it to Palestinians for a very long time too…,israel palestinians long time,0.0
k3pvpp4,Leftists are fucking stupid,ActualPublicFreakouts,2023-10-06 14:13:35,1713681,ossamabinhiding,,642.0,Leftists are fucking stupid,leftists fucking stupid,-0.5709
k3pvm4f,Zionist propaganda account not even trying to act like anything else.,ActualPublicFreakouts,2023-10-06 14:12:56,1713681,jaykaypeeness,2017-10-10 23:20:23,68939.0,Zionist propaganda account not even trying to act like anything else.,zionist propaganda account even trying act like anything else,0.128
k3pvm69,"Reply what you think of the video, not me.",ActualPublicFreakouts,2023-10-06 14:12:56,1713681,system_deleted,,0.0,"Reply what you think of the video, not me.",reply think video,0.0
k3puj3l,Innocent lives are being lost on both sides. That’s typically how war works.,ActualPublicFreakouts,2023-10-06 14:05:43,1713681,odd-emergency5839,2021-04-01 03:21:30,73728.0,Innocent lives are being lost on both sides. That’s typically how war works.,innocent lives lost sides typically war works,-0.5859
k3pu4ct,OP is biased,ActualPublicFreakouts,2023-10-06 14:02:57,1713681,no-task-4819,2020-10-25 07:48:41,2862.0,OP is biased,op biased,-0.2732
k3pu0yo,"Ironically the fact that you can call Israel fascist while staying in Israel is a good indicator of a healthy democracy. 

Try calling out MBS, Ayatollah, Al-Assad or any other peaceful leader for what they are and see true fascism in action.",ActualPublicFreakouts,2023-10-06 14:02:18,1713681,housepotnis,2014-04-17 18:13:17,4296.0,"Ironically the fact that you can call Israel fascist while staying in Israel is a good indicator of a healthy democracy. 

Try calling out MBS, Ayatollah, Al-Assad or any other peaceful leader for what they are and see true fascism in action.",ironically fact call israel fascist staying israel good indicator healthy democracy try calling mbs ayatollah peaceful leader see true fascism action,0.7906
k3ptdyg,Can’t wait to see all the pro-Palestinian trash come out of the gutters to defend a literal terrorist.,ActualPublicFreakouts,2023-10-06 13:57:58,1713681,ishiddedmypantaloons,2023-01-24 02:25:09,38851.0,Can’t wait to see all the pro-Palestinian trash come out of the gutters to defend a literal terrorist.,wait see trash come gutters defend literal terrorist,-0.6908
k3pt3bc,"Funny thing, fascist being the most popular description of Israel on Reddit, while by definition, Israel is the only non-fascist state in this whole region (with the exception of Lebanon)",ActualPublicFreakouts,2023-10-06 13:56:01,1713681,ossamabinhiding,,642.0,"Funny thing, fascist being the most popular description of Israel on Reddit, while by definition, Israel is the only non-fascist state in this whole region (with the exception of Lebanon)",funny thing fascist popular description israel reddit definition israel state whole region exception lebanon,0.3384
k3pt0q2,Like Bernie Sanders.,ActualPublicFreakouts,2023-10-06 13:55:32,1713681,outsideskirt2,2019-06-07 17:52:43,1250.0,Like Bernie Sanders.,like bernie sanders,0.3612
k3ppz8x,"Basically all reddit wants is - ""israel-so-bad"" posts

It's disgusting to see all these terrorist sympathisers commenting on israel being fascist and not one of them felt relieved that the Jewish family is safe and that the terrorist did not succeed. 

Long live Israel. Hope the Israeli forces helped this peaceful protestor to meet his peaceful Allah.",ActualPublicFreakouts,2023-10-06 13:34:27,1713681,housepotnis,2014-04-17 18:13:17,4296.0,"Basically all reddit wants is - ""israel-so-bad"" posts

It's disgusting to see all these terrorist sympathisers commenting on israel being fascist and not one of them felt relieved that the Jewish family is safe and that the terrorist did not succeed. 

Long live Israel. Hope the Israeli forces helped this peaceful protestor to meet his peaceful Allah.",basically reddit wants posts disgusting see terrorist sympathisers commenting israel fascist one felt relieved jewish family safe terrorist succeed long live israel hope israeli forces helped peaceful protestor meet peaceful allah,-0.6283
k3pnzpc,Sounds like projecting,ActualPublicFreakouts,2023-10-06 13:20:17,1713681,responsibleant4911,2022-04-03 21:56:06,2519.0,Sounds like projecting,sounds like projecting,0.3612
k3pmyau,"Yeah, but if you point out the irony of their military industrial complex wiping out Palestinian people bearing an uncanny resemblance to some guy in Germany in the 1930/40s you're antisemitic 🤷🏻‍♂️",ActualPublicFreakouts,2023-10-06 13:12:41,1713681,boredbritonreddit,2022-06-26 17:58:40,2129.0,"Yeah, but if you point out the irony of their military industrial complex wiping out Palestinian people bearing an uncanny resemblance to some guy in Germany in the 1930/40s you're antisemitic 🤷🏻‍♂️",yeah point irony military industrial complex wiping palestinian people bearing uncanny resemblance guy germany antisemitic,0.0772
k3pmcvx,Honey it’s time for your daily Zionist propaganda,ActualPublicFreakouts,2023-10-06 13:08:17,1713681,automatic_smile213,2022-11-25 14:34:52,1697.0,Honey it’s time for your daily Zionist propaganda,honey time daily zionist propaganda,-0.25
k3plzpb,"So now me being jew is your problem? And you call me a genocidal prick?

Reply to video not about me.

I'm not sure if you're a neo-nazi or jihadist but you are the example of this collaboration on Reddit.

Long Live Israel !",ActualPublicFreakouts,2023-10-06 13:05:29,1713681,system_deleted,,0.0,"So now me being jew is your problem? And you call me a genocidal prick?

Reply to video not about me.

I'm not sure if you're a neo-nazi or jihadist but you are the example of this collaboration on Reddit.

Long Live Israel !",jew problem call genocidal prick reply video sure jihadist example collaboration reddit long live israel,-0.5695
k3pltt6,i just found out im banned from that sub LMAOooo,ActualPublicFreakouts,2023-10-06 13:04:17,1713681,[deleted],,0.0,i just found out im banned from that sub LMAOooo,found im banned sub lmaoooo,-0.4588
k3pkpfv,"Explains the bias. Funny you wrote to end violence is to recognize it first,with you being a genocidal prick and all. 

Fuck Israel.",ActualPublicFreakouts,2023-10-06 12:55:45,1713681,elsololoboloco,2019-01-26 14:32:11,17037.0,"Explains the bias. Funny you wrote to end violence is to recognize it first,with you being a genocidal prick and all. 

Fuck Israel.",explains bias funny wrote end violence recognize first genocidal prick fuck israel,-0.8176
k3pk2z2,One man's terrorist is another man's freedom fighter,ActualPublicFreakouts,2023-10-06 12:50:57,1713681,jpwarnerr,2020-05-10 18:55:44,1332.0,One man's terrorist is another man's freedom fighter,one man terrorist another man freedom fighter,0.0258
k3pj492,"This is the most despicable defense mounted by Israel supporters. Do you think North Korea is a good country? If not you’re racist. How about China? You think they are justified in everything they do? If not you’re racist. Do you think Palestinians attacking Israel with rockets is bad? If so, you’re a confirmed racist. 

So. What is it? Are you racist or a rabid supporter of NK and China? Has to be one or the other apparently, so choose.",ActualPublicFreakouts,2023-10-06 12:43:16,1713681,madhatter1317,2020-05-04 15:28:35,66765.0,"This is the most despicable defense mounted by Israel supporters. Do you think North Korea is a good country? If not you’re racist. How about China? You think they are justified in everything they do? If not you’re racist. Do you think Palestinians attacking Israel with rockets is bad? If so, you’re a confirmed racist. 

So. What is it? Are you racist or a rabid supporter of NK and China? Has to be one or the other apparently, so choose.",despicable defense mounted israel supporters think north korea good country racist china think justified everything racist think palestinians attacking israel rockets bad confirmed racist racist rabid supporter nk china one apparently choose,0.9566
k3pimps,Does that make you a minion of zionists? It’s weird to point the finger when you’re doing the same thing inverted. The hypocrisy over there is stunning.,ActualPublicFreakouts,2023-10-06 12:39:21,1713681,madhatter1317,2020-05-04 15:28:35,66765.0,Does that make you a minion of zionists? It’s weird to point the finger when you’re doing the same thing inverted. The hypocrisy over there is stunning.,make minion zionists weird point finger thing inverted hypocrisy stunning,0.2263
k3piid0,Maybe you also remember how it was Gaza randomly shelling Israeli civilian that kicked the 2014 fight into gear : and how [Hamas was (yet again) deliberately firing from civilian areas](https://www.theatlantic.com/international/archive/2014/09/hamas-quietly-admits-it-fired-rockets-from-civilian-areas/380149/) in order to dissuade Israeli counter-fire and create martyrs for their cause.,ActualPublicFreakouts,2023-10-06 12:38:24,1713681,hotbased,,8.0,Maybe you also remember how it was Gaza randomly shelling Israeli civilian that kicked the 2014 fight into gear : and how [Hamas was (yet again) deliberately firing from civilian areas]( in order to dissuade Israeli counter-fire and create martyrs for their cause.,maybe also remember gaza randomly shelling israeli civilian kicked fight gear hamas yet deliberately firing civilian areas order dissuade israeli create martyrs cause,-0.4404
k3pid0a,"Thanks for your comment, I enjoyed reading it.

I know that most Americans don't hate or support jihadists. Personally I appreciate American society and its contribution to the world with values of freedom, liberty and democracy. 

And it's clear who are those haters...",ActualPublicFreakouts,2023-10-06 12:37:13,1713681,system_deleted,,0.0,"Thanks for your comment, I enjoyed reading it.

I know that most Americans don't hate or support jihadists. Personally I appreciate American society and its contribution to the world with values of freedom, liberty and democracy. 

And it's clear who are those haters...",thanks comment enjoyed reading know americans hate support jihadists personally appreciate american society contribution world values freedom liberty democracy clear haters,0.9713
k3phht7,"Best nation in the region, by far.",ActualPublicFreakouts,2023-10-06 12:30:12,1713681,hotbased,,8.0,"Best nation in the region, by far.",best nation region far,0.6369
k3phbmi,"American here.  We’re not all lost to jew hating masked as “free Palestine”.   I appreciate your work and bringing attention to the other side of it because the buzz has devolved the past few years into “Israel bad, Palestine good”.   Both parties have blame, just like both parties should exist in their own states eventually.  Many of these hateful replies to you are by people that don’t understand the history of the conflict nor the nuance of it.",ActualPublicFreakouts,2023-10-06 12:28:46,1713681,badabrench01,2019-06-13 19:55:26,30935.0,"American here.  We’re not all lost to jew hating masked as “free Palestine”.   I appreciate your work and bringing attention to the other side of it because the buzz has devolved the past few years into “Israel bad, Palestine good”.   Both parties have blame, just like both parties should exist in their own states eventually.  Many of these hateful replies to you are by people that don’t understand the history of the conflict nor the nuance of it.",american lost jew hating masked free palestine appreciate work bringing attention side buzz devolved past years israel bad palestine good parties blame like parties exist states eventually many hateful replies people understand history conflict nuance,-0.4833
k3pek7a,"99.9% of people that just ""hate Israel"" are using it as a poorly hidden dogwhistle that means ""I hate Jews""",ActualPublicFreakouts,2023-10-06 12:05:10,1713681,infinitepth799,,0.0,"99.9% of people that just ""hate Israel"" are using it as a poorly hidden dogwhistle that means ""I hate Jews""",people hate israel using poorly hidden dogwhistle means hate jews,-0.8126
k3pddcf,Commentsection is so toxic the walls are turning blue.,ActualPublicFreakouts,2023-10-06 11:54:19,1713681,x_blocks,2019-06-05 15:38:18,2345.0,Commentsection is so toxic the walls are turning blue.,commentsection toxic walls turning blue,0.0
k3pbu5k,"So you condone the killings of innocent Israeli families ?

I don't think you hate Israel, I think you hate Jews.",ActualPublicFreakouts,2023-10-06 11:39:53,1713681,hagl_odin,2020-06-05 17:43:26,2977.0,"So you condone the killings of innocent Israeli families ?

I don't think you hate Israel, I think you hate Jews.",condone killings innocent israeli families think hate israel think hate jews,0.4397
k3p8b37,Wow you must really hate Palestine.,ActualPublicFreakouts,2023-10-06 11:03:34,1713681,undercooked_lasagna,2013-03-26 23:32:56,691232.0,Wow you must really hate Palestine.,wow must really hate palestine,-0.0498
k3p85ct,"&gt;Israel is an aparthied land grabbing facist genocidal racist state.

Now do Palestine.",ActualPublicFreakouts,2023-10-06 11:01:49,1713681,undercooked_lasagna,2013-03-26 23:32:56,691232.0,"&gt;Israel is an aparthied land grabbing facist genocidal racist state.

Now do Palestine.",gt israel aparthied land grabbing facist genocidal racist state palestine,-0.6124
k3p7z5g,Yes.,ActualPublicFreakouts,2023-10-06 10:59:53,1713681,system_deleted,,0.0,Yes.,yes,0.4019
k3p7d0l,"Not only settlers, some people come to fix their car or other things.",ActualPublicFreakouts,2023-10-06 10:52:57,1713681,system_deleted,,0.0,"Not only settlers, some people come to fix their car or other things.",settlers people come fix car things,0.0
k3p6ovb,"I'm happy no one got hurt, but this happened in the West Bank and the people targeted were presumably settlers.",ActualPublicFreakouts,2023-10-06 10:45:12,1713681,houseofyass,2023-07-03 14:39:54,38631.0,"I'm happy no one got hurt, but this happened in the West Bank and the people targeted were presumably settlers.",happy one got hurt happened west bank people targeted presumably settlers,-0.1154
k3p3wqz,Condemn is what I meant lol. Why did English had to be this way? Two opposing words which can massively change the meaning of a sentence with similar sound and somewhat similar spelling :D,ActualPublicFreakouts,2023-10-06 10:09:29,1713681,saman65,2016-09-18 18:31:48,212971.0,Condemn is what I meant lol. Why did English had to be this way? Two opposing words which can massively change the meaning of a sentence with similar sound and somewhat similar spelling :D,condemn meant lol english way two opposing words massively change meaning sentence similar sound somewhat similar spelling,0.645
k3p3lzm,"It's area in which both Israelis and Palestinians live. It's from Huwara 

32.152217332555715, 35.25688504193543",ActualPublicFreakouts,2023-10-06 10:05:29,1713681,system_deleted,,0.0,"It's area in which both Israelis and Palestinians live. It's from Huwara 

32.152217332555715, 35.25688504193543",area israelis palestinians live huwara,0.0
k3p31dk,What does an Israeli family do driving around in what looks like an Arab town? Where did this happen?,ActualPublicFreakouts,2023-10-06 09:57:32,1713681,houseofyass,2023-07-03 14:39:54,38631.0,What does an Israeli family do driving around in what looks like an Arab town? Where did this happen?,israeli family driving around looks like arab town happen,0.4329
k3p28u1,"Bless you, don't let the haters stop you",ActualPublicFreakouts,2023-10-06 09:46:30,1713681,ossamabinhiding,,642.0,"Bless you, don't let the haters stop you",bless let haters stop,0.4986
k3p1xi5,Chdking,ActualPublicFreakouts,2023-10-06 09:41:58,1713681,ossamabinhiding,,642.0,Chdking,chdking,0.0
k3oy9k7,Almost ;).,CrazyFuckingVideos,2023-10-06 08:49:11,16yp4ky,mrstef85,2020-09-15 12:21:24,8039.0,Almost ;).,almost,0.0
k3oy0ey,Lots of people share your sentiment,ActualPublicFreakouts,2023-10-06 08:45:31,1713681,jacksmith0xff,,359.0,Lots of people share your sentiment,lots people share sentiment,0.296
k3orj0r,Man literally said he condones the execution of children and pregnant civilians and is trying to take the high road,ActualPublicFreakouts,2023-10-06 07:13:15,1713681,bigbussybussin,2022-09-02 00:05:51,17564.0,Man literally said he condones the execution of children and pregnant civilians and is trying to take the high road,man literally said condones execution children pregnant civilians trying take high road,0.0
k3oreu7,"It just annoys me because Mods are often genuinely fucking cowards, and while I'll still caveat saying even though that one mod was fucking useless I do give that dude a bit of respect for at least having the balls to reply to modmail. Mods can run their sub however they fucking like and I'm fine with that because I know that's how Reddit currently works, but FFS why are mods now such lazy fucks that can't even reply to modmail?",ActualPublicFreakouts,2023-10-06 07:11:40,1713681,46thandtabby,2023-04-20 17:59:55,60900.0,"It just annoys me because Mods are often genuinely fucking cowards, and while I'll still caveat saying even though that one mod was fucking useless I do give that dude a bit of respect for at least having the balls to reply to modmail. Mods can run their sub however they fucking like and I'm fine with that because I know that's how Reddit currently works, but FFS why are mods now such lazy fucks that can't even reply to modmail?",annoys mods often genuinely fucking cowards still caveat saying even though one mod fucking useless give dude bit respect least balls reply modmail mods run sub however fucking like fine know reddit currently works ffs mods lazy fucks ca even reply modmail,-0.936
k3oqyhb,"I posted there in good faith and was upvoted quite a lot, and then someone asked in one of those ""Philly looting"" clips why they always got locked and I'll just show you [a screenshot that of what I see](https://files.catbox.moe/irjq78.png) of what got me banned because, and I'd like to point out if you find that post it's locked like I prophesized to the degree of the sun rising tomorrow, if I deserved a perma I'm still interested in anybody's conclusion why as the mods there are illiterate or incapable of doing so. I get that mods run the show in subs, but for fucks sake at least have a backbone about it...I'd have accepted:

&gt; Fuck you...we don't want you here.",ActualPublicFreakouts,2023-10-06 07:05:36,1713681,46thandtabby,2023-04-20 17:59:55,60900.0,"I posted there in good faith and was upvoted quite a lot, and then someone asked in one of those ""Philly looting"" clips why they always got locked and I'll just show you [a screenshot that of what I see]( of what got me banned because, and I'd like to point out if you find that post it's locked like I prophesized to the degree of the sun rising tomorrow, if I deserved a perma I'm still interested in anybody's conclusion why as the mods there are illiterate or incapable of doing so. I get that mods run the show in subs, but for fucks sake at least have a backbone about it...I'd have accepted:

&gt; Fuck you...we don't want you here.",posted good faith upvoted quite lot someone asked one philly looting clips always got locked show screenshot see got banned like point find post locked like prophesized degree sun rising tomorrow deserved perma still interested anybody conclusion mods illiterate incapable get mods run show subs fucks sake least backbone accepted gt fuck want,-0.6349
k3opxvb,"I’m perma banned from there for a jokey comment. No warning, no reply from mods when I messaged twice asking why. They’re exactly the kind of mods people laugh at",ActualPublicFreakouts,2023-10-06 06:52:00,1713681,twinnedwithjim,2020-07-12 12:01:21,22636.0,"I’m perma banned from there for a jokey comment. No warning, no reply from mods when I messaged twice asking why. They’re exactly the kind of mods people laugh at",perma banned jokey comment warning reply mods messaged twice asking exactly kind mods people laugh,-0.4767
k3opkfv,"99% of OP's posts are from r palestinian violence! You are lost mate and this is clearly a propaganda post.

Regardless of the content of this video, which I ~~condone~~ condemn, Israel is an aparthied land grabbing facist genocidal racist state. It's a fact and without US's protection you would have been sanctioned to the oblivion for your war crimes. I remember 2014 assault on Gaza like it was yesterday where you butchered 500 kids in 40 days.",ActualPublicFreakouts,2023-10-06 06:47:09,1713681,saman65,2016-09-18 18:31:48,212971.0,"99% of OP's posts are from r palestinian violence! You are lost mate and this is clearly a propaganda post.

Regardless of the content of this video, which I ~~condone~~ condemn, Israel is an aparthied land grabbing facist genocidal racist state. It's a fact and without US's protection you would have been sanctioned to the oblivion for your war crimes. I remember 2014 assault on Gaza like it was yesterday where you butchered 500 kids in 40 days.",op posts r palestinian violence lost mate clearly propaganda post regardless content video condemn israel aparthied land grabbing facist genocidal racist state fact without us protection would sanctioned oblivion war crimes remember assault gaza like yesterday butchered kids days,-0.9571
k3onqe0,"Not condoning anything but it’s become more and more apparent that a lot of the backlash is caused by the way the Orthodox Jews simply ignore the laws and shit on everyone else over there, whether they’re Muslim or catholic.   Maybe it’s time to address their contribution to the problem in an honest fashion

And too clarify I’m not using any ‘absolute’ statements and blaming every orthodox Jewish person, however if you don’t have the ability to step back and look at the continued back and forth then you should acknowledge your bias and be honest about it.   An innocent family driving in a car should not have to experience this, whether it’s in Israel or any other country.   The forced removal of families from their homes to provide room for expansion is repulsive - not a single person commenting would ever accept, stand for, or be happy if they were forcibly removed from their home bc someone else decided they want to live there.

Edit 2:  well that literally escalated quickly.   What a shit show.",ActualPublicFreakouts,2023-10-06 06:23:05,1713681,frontrange80220,2020-09-24 03:39:52,6773.0,"Not condoning anything but it’s become more and more apparent that a lot of the backlash is caused by the way the Orthodox Jews simply ignore the laws and shit on everyone else over there, whether they’re Muslim or catholic.   Maybe it’s time to address their contribution to the problem in an honest fashion

And too clarify I’m not using any ‘absolute’ statements and blaming every orthodox Jewish person, however if you don’t have the ability to step back and look at the continued back and forth then you should acknowledge your bias and be honest about it.   An innocent family driving in a car should not have to experience this, whether it’s in Israel or any other country.   The forced removal of families from their homes to provide room for expansion is repulsive - not a single person commenting would ever accept, stand for, or be happy if they were forcibly removed from their home bc someone else decided they want to live there.

Edit 2:  well that literally escalated quickly.   What a shit show.",condoning anything become apparent lot backlash caused way orthodox jews simply ignore laws shit everyone else whether muslim catholic maybe time address contribution problem honest fashion clarify using absolute statements blaming every orthodox jewish person however ability step back look continued back forth acknowledge bias honest innocent family driving car experience whether israel country forced removal families homes provide room expansion repulsive single person commenting would ever accept stand happy forcibly removed home bc someone else decided want live edit well literally escalated quickly shit show,-0.0
k3ols07,"I think you're looking for the tilde.... this thing:

~

It's generally used to denote an author.",ActualPublicFreakouts,2023-10-06 05:58:31,1713681,46thandtabby,2023-04-20 17:59:55,60900.0,"I think you're looking for the tilde.... this thing:

~

It's generally used to denote an author.",think looking tilde thing generally used denote author,0.0
k3okvmj,"Sorry, my bad, I will delete my comment. 

As said, it's not my native tongue.

Sorry again.",ActualPublicFreakouts,2023-10-06 05:47:41,1713681,system_deleted,,0.0,"Sorry, my bad, I will delete my comment. 

As said, it's not my native tongue.

Sorry again.",sorry bad delete comment said native tongue sorry,-0.6249
k3okmga,"Huh? I was merely poking fun at how bad the gun man was in actually hitting his targets 🤷🏽‍♂️
Think about it, why would I even bring up ""stormtrooper"" if I was making fun of your grammar?",ActualPublicFreakouts,2023-10-06 05:44:39,1713681,coffeeeducational356,2022-12-06 00:48:36,76720.0,"Huh? I was merely poking fun at how bad the gun man was in actually hitting his targets 🤷🏽‍♂️
Think about it, why would I even bring up ""stormtrooper"" if I was making fun of your grammar?",huh merely poking fun bad gun man actually hitting targets think would even bring stormtrooper making fun grammar,0.264
k3ojfp4,"Damn I can spot a Hiab crane anywhere lol 
I need a vacation for real",ActualPublicFreakouts,2023-10-06 05:30:29,1713681,concrete_jungle77,2022-03-26 16:32:55,4103.0,"Damn I can spot a Hiab crane anywhere lol 
I need a vacation for real",damn spot hiab crane anywhere lol need vacation real,0.0258
k3oirft,"If so, I'm sorry but that's what I understood, trying to laugh at the headline title.",ActualPublicFreakouts,2023-10-06 05:22:40,1713681,system_deleted,,0.0,"If so, I'm sorry but that's what I understood, trying to laugh at the headline title.",sorry understood trying laugh headline title,0.6819
k3oihpy,This is not what he said.. it was not about you or your english,ActualPublicFreakouts,2023-10-06 05:19:38,1713681,p0gv6eufsh6o,2017-10-27 06:23:17,4128.0,This is not what he said.. it was not about you or your english,said english,0.0
k3ohg2w,"""no injuries reported""...My guy trying to audition for the stormtrooper role so bad",ActualPublicFreakouts,2023-10-06 05:07:52,1713681,coffeeeducational356,2022-12-06 00:48:36,76720.0,"""no injuries reported""...My guy trying to audition for the stormtrooper role so bad",injuries reported guy trying audition stormtrooper role bad,-0.7712
k3ofmhl,"Correct, they have funds for dead terrorists and prisoners. 

Sick.",ActualPublicFreakouts,2023-10-06 04:48:07,1713681,system_deleted,,0.0,"Correct, they have funds for dead terrorists and prisoners. 

Sick.",correct funds dead terrorists prisoners sick,-0.9432
k3ofh7i,"“We keep on being told that religion, whatever its imperfections, at least instills morality. On every side, there is conclusive evidence that the contrary is the case and that faith causes people to be more mean, more selfish, and perhaps above all, more stupid.”

- Christopher Hitchens.",ActualPublicFreakouts,2023-10-06 04:46:33,1713681,ygolotserp,2018-08-27 19:45:22,45073.0,"“We keep on being told that religion, whatever its imperfections, at least instills morality. On every side, there is conclusive evidence that the contrary is the case and that faith causes people to be more mean, more selfish, and perhaps above all, more stupid.”

- Christopher Hitchens.",keep told religion whatever imperfections least instills morality every side conclusive evidence contrary case faith causes people mean selfish perhaps christopher hitchens,-0.216
k3offq6,Important to keep in mind his family is paid for his death by the Martyrs for Jihad fund. So while he did die he has secured his family income for a long time.,ActualPublicFreakouts,2023-10-06 04:46:06,1713681,head_plantain1882,2023-04-11 16:03:14,14313.0,Important to keep in mind his family is paid for his death by the Martyrs for Jihad fund. So while he did die he has secured his family income for a long time.,important keep mind family paid death martyrs jihad fund die secured family income long time,-0.6486
k3nr78n,Well I have a impractical fear of balloons. So I would like to believe he is running from a surprise party.,CrazyFuckingVideos,2023-10-06 01:23:29,16yp4ky,crabcawk,2018-12-15 19:33:35,3280.0,Well I have a impractical fear of balloons. So I would like to believe he is running from a surprise party.,well impractical fear balloons would like believe running surprise party,0.6682
