comment_id,self_text,subreddit,created_time,post_id,author_name,user_account_created_time,user_total_karma
k3s6g72,What's truly terrifying is that people believe this kind of crap is real.,TerrifyingAsFuck,2023-10-06 22:53:52,171ibwg,fasolecucarnat,2019-12-18 22:25:15,2425.0
k3rzmlb,"""all the sex toys in the room turn on and start hovering""",TerrifyingAsFuck,2023-10-06 22:04:57,171ibwg,Active_Heart3910,2023-05-13 09:44:40,10256.0
k3rl5hy,Apartheid state,ActualPublicFreakouts,2023-10-06 20:30:33,1713681,CrockBox,2017-03-18 16:45:36,1848.0
k3rkm0s,"That’s how they all sound. Repetition of the same idiotic slogan. In other terms, you’re being confidently incorrect when you *really* shouldn’t be.",ActualPublicFreakouts,2023-10-06 20:27:09,1713681,CutoffThought,2019-06-28 03:11:59,73514.0
k3rkbu3,"LMAOOO favorite comment on the thread, right here.",ActualPublicFreakouts,2023-10-06 20:25:24,1713681,CutoffThought,2019-06-28 03:11:59,73514.0
k3rk1h5,Your anti-semitism is showing,ActualPublicFreakouts,2023-10-06 20:23:35,1713681,Infinitepth799,,0.0
k3rgxw1,OK anti semite,ActualPublicFreakouts,2023-10-06 20:04:24,1713681,[deleted],,0.0
k3rgoh6,"They are settlers, literal colonists. They aren't simple civilians being attacked.",ActualPublicFreakouts,2023-10-06 20:02:46,1713681,HouseOfYass,2023-07-03 14:39:54,38631.0
k3rez5m,Ridiculous. I can hate America and not hate Americans. Your ethno state is showing.,ActualPublicFreakouts,2023-10-06 19:52:20,1713681,rowech,2011-12-16 02:42:19,16961.0
k3rewlz,"Me and my issues are not the topic here ![gif](emote|free_emotes_pack|joy)

Watch the terror attack in the video, this is the topic.

1. What do you think of the terror attack in video?
2. Can you prove it is fake and didn't happen yesterday?

Anything else I don't care, me and my issues, we don't care.",ActualPublicFreakouts,2023-10-06 19:51:54,1713681,system_deleted,,0.0
k3reo5u,"I hate you for being a worthless piece of anti-semitic shit, is that clear enough for you?",ActualPublicFreakouts,2023-10-06 19:50:29,1713681,Infinitepth799,,0.0
k3reax0,"Ah this dude again, the conflict happening in the middle east and especially in that area is complex and definitely not one sided. Both Palestinians and Israelis are at fault and at the same time the victims. Op is just an angry man trying to rile up one sided hatred against Palestinians. Op has some serious issues just check out his other content",ActualPublicFreakouts,2023-10-06 19:48:15,1713681,Ieatcatsfordinner69,,0.0
k3rdaml,I hate Israel for what they’ve done to the Palestinians. Was that clear enough for you?,ActualPublicFreakouts,2023-10-06 19:42:09,1713681,TheReverend6661,,101.0
k3rd1yw,"Well, it's good.

In my area it's either IDF or ISIS.",ActualPublicFreakouts,2023-10-06 19:40:42,1713681,system_deleted,,0.0
k3raphu,"No, that's not what we say.

In Judaism we say: ""Wisdom of the nations, learn from them""",ActualPublicFreakouts,2023-10-06 19:26:08,1713681,system_deleted,,0.0
k3r7hfs,"Right, it seems like the IDF is in charge.",ActualPublicFreakouts,2023-10-06 19:06:23,1713681,skeevester,2014-08-04 20:12:06,21792.0
k3r74u1,That’s what I think of the video and you,ActualPublicFreakouts,2023-10-06 19:04:11,1713681,No-Task-4819,2020-10-25 07:48:41,2862.0
k3r4eyo,what's going on with the car that's recording this? (bottom left of the screen) it looks like they're shooting through the windshield,ActualPublicFreakouts,2023-10-06 18:47:29,1713681,Lifeabroad86,2015-09-11 20:27:57,48101.0
k3r343j,"FROM THE RIVER TO THE SEA, PALESTINE WILL BE FREE. 

FREE FREE PALESTINE!!!",ActualPublicFreakouts,2023-10-06 18:39:25,1713681,1catcherintherye8,2020-01-18 16:22:33,60969.0
k3r1zqh,"Free, free, they are free to murder each other as much they want, including homosexuals.

Islamic Jihad, Hamas, you choose, go enjoy with them Ms.Catherine ![gif](emote|free_emotes_pack|facepalm)

I'm sure they welcome you and your leftist liberalism lol

[https://www.youtube.com/watch?v=IZX\_SVPSLIM](https://www.youtube.com/watch?v=IZX_SVPSLIM)

[https://www.youtube.com/watch?v=Dm7DsDLzg9I](https://www.youtube.com/watch?v=Dm7DsDLzg9I)",ActualPublicFreakouts,2023-10-06 18:32:34,1713681,system_deleted,,0.0
k3r1q6r,Religion 🤮,ActualPublicFreakouts,2023-10-06 18:30:57,1713681,iamthefluffyyeti,2019-11-29 05:54:17,124273.0
k3r1e7o,🤷🏻‍♂️,ActualPublicFreakouts,2023-10-06 18:28:56,1713681,sabrooooo,2018-11-22 17:40:27,11982.0
k3r12iy,"FROM THE RIVER TO THE SEA, PALESTINE WILL BE FREE. 

FREE FREE PALESTINE!!!",ActualPublicFreakouts,2023-10-06 18:26:58,1713681,1catcherintherye8,2020-01-18 16:22:33,60969.0
k3r0ib3,"Falsetine doesn't exist ![gif](emote|free_emotes_pack|joy)

You want everything? You get nothing.

Focus on your cosplaying and other communist bullshit you do, let the adults solve the conflicts.",ActualPublicFreakouts,2023-10-06 18:23:36,1713681,system_deleted,,0.0
k3r0cnu,"FROM THE RIVER TO THE SEA, PALESTINE WILL BE FREE. 

FREE FREE PALESTINE!!!",ActualPublicFreakouts,2023-10-06 18:22:38,1713681,1catcherintherye8,2020-01-18 16:22:33,60969.0
k3qyrh6,"Palestinian population boomed when the Isreali jews showed up and started making the area more economically viable.
 
If they were wiping out Palestinians, why does their population continue to rise?",ActualPublicFreakouts,2023-10-06 18:12:58,1713681,Natfigga,2018-03-23 16:25:26,10378.0
k3qy0hh,"It's not r/PublicFreakout here, you are confused, the jihad and the progressives do-gooders aren't in charge here as they are in there censoring according to their agenda.",ActualPublicFreakouts,2023-10-06 18:08:25,1713681,system_deleted,,0.0
k3qxx30,Go watch Andrew Gold interview the Father.   It's an eye opener.,TerrifyingAsFuck,2023-10-06 18:07:51,171ibwg,emleigh2277,2021-03-24 20:37:38,53268.0
k3qxopp,Lot's of IDF boot-licking propagandists in the comment thread.,ActualPublicFreakouts,2023-10-06 18:06:27,1713681,skeevester,2014-08-04 20:12:06,21792.0
k3qxh0w,"Is the IDF going to go after the terrorists in their own ranks? The ones that have been murdering innocent people? 

Also, I wonder why this guy was angry enough at Israel to do something like this?",ActualPublicFreakouts,2023-10-06 18:05:11,1713681,skeevester,2014-08-04 20:12:06,21792.0
k3qsqgg,And what do you think of this video?,ActualPublicFreakouts,2023-10-06 17:36:47,1713681,system_deleted,,0.0
k3qq2db,I’ve seen worst from israel towards Palestine or others,ActualPublicFreakouts,2023-10-06 17:20:48,1713681,OnixCopal,2020-11-16 14:11:51,5172.0
k3qp9ic,The responses by Palestine supporters in this thread are very telling. Good job OP,ActualPublicFreakouts,2023-10-06 17:15:58,1713681,[deleted],,0.0
k3qowa2,"Everyone here needs to watch Attack On Titan. You are all at step 1 of this discussion. AoT is on step 100. Covers this predicament/discussion with disturbing accuracy. 

Yes its an anime. An anime is a story. A story can reflect accurate/insightful information.",ActualPublicFreakouts,2023-10-06 17:13:43,1713681,gcbofficial,2014-10-13 06:09:44,25262.0
k3qo9b3,"As a U.S. citizen this actually concerns me greatly, like where is the oversight, how come we send SO MUCH MONEY? It’s very odd. I just saw a news article where a Texas teacher was fired because she refused to sign a document that said she wouldn’t badmouth Israel. Odd odd odd",ActualPublicFreakouts,2023-10-06 17:09:47,1713681,Der_NElMAND,2020-09-30 02:57:45,290.0
k3qnc6o,Yeah I got banned from there for saying all y’all post is death to Jews content. Meanwhile both sides make fools of themselves on the regular and can’t get along. There’s a point where it’s both sides fault and trying to pontificate on how horrid Jews are to Muslims in Israel falls flat.,ActualPublicFreakouts,2023-10-06 17:04:10,1713681,dblack1107,2018-06-24 17:38:57,51418.0
k3qmkdd,"From the ""river"" to the ""sea"" means to destroy Israel and not two state solution.

When I hear you chant this bullshit and that you want to destroy my country, I will definitely fight for my independence. Anything else you learned to chant keyboard warrior?

You play zero-sum game, everything or nothing.

You got nothing so far.",ActualPublicFreakouts,2023-10-06 16:59:28,1713681,system_deleted,,0.0
k3qlye7,Dashboard camera.,ActualPublicFreakouts,2023-10-06 16:55:46,1713681,system_deleted,,0.0
k3qkl03,What is the other guy recording shooting from the car?,ActualPublicFreakouts,2023-10-06 16:47:26,1713681,No-Two5494,,0.0
k3qk7cj,Says the Israeli fascist,ActualPublicFreakouts,2023-10-06 16:45:05,1713681,[deleted],,0.0
k3qjti9,"Learn history, Israel got independence a few decades before the American aid and managed to defeat all Arab countries neighboring her all together and several times.

With no aid.",ActualPublicFreakouts,2023-10-06 16:42:42,1713681,system_deleted,,0.0
k3qix72,"First ""Falsetinian"" leader &amp; Grand Mufti of Jerusalem, Haj Ameen al-Husseini was a nazi and met with Hitler. He had an office and salary from the Nazi regime.

https://encyclopedia.ushmm.org/content/en/film/hajj-amin-al-husayni-meets-hitler

He eventually escaped from Jerusalem dressed as a woman ![gif](emote|free_emotes_pack|joy)

Current ""Falsetinian"" leader, Mahmoud Abbas is also a known holocaust denier who recently had a speech in Arabic about it.

**That's Palestinian pro-nazi history in short.**

I'm sure many people aren't aware of that but now they will learn how Falsetinian leaders support Nazism, just because you called Israelis ""Nazis"".",ActualPublicFreakouts,2023-10-06 16:37:11,1713681,system_deleted,,0.0
k3qibq4,"Violent jihadist, that's what you are.",ActualPublicFreakouts,2023-10-06 16:33:30,1713681,system_deleted,,0.0
k3qi9ow,"And how many Palestinians murder Palestinians in clan clashes you know?

So far 200 hundred this year only in Israel (Gaza and West Bank not included).",ActualPublicFreakouts,2023-10-06 16:33:09,1713681,system_deleted,,0.0
k3qdm1i,"So does Israel. USA funding them with a lot of money. You guys are really comfortable with Benjamin taking those dollars and pretending Israel isn't killing hundreds of Palestinians. I wonder what the conversion is, but Israel is definitely killing more people than Palestine.",ActualPublicFreakouts,2023-10-06 16:04:52,1713681,Queasy_Finance_5143,2020-10-14 21:20:57,3652.0
k3qdb6d,Not at all what he is saying.,ActualPublicFreakouts,2023-10-06 16:03:01,1713681,Queasy_Finance_5143,2020-10-14 21:20:57,3652.0
k3qd9qk,Stupid take. Zion is poison to the children of tomorrow for Jews and others all over the world.,ActualPublicFreakouts,2023-10-06 16:02:46,1713681,Queasy_Finance_5143,2020-10-14 21:20:57,3652.0
k3qcgia,"Or maybe these guys…

https://www.rhr.org.il/eng?lang=en",ActualPublicFreakouts,2023-10-06 15:57:52,1713681,Madhatter1317,2020-05-04 15:28:35,66765.0
k3qca50,"FROM THE RIVER TO THE SEA, PALESTINE WILL BE FREE. 

FREE FREE PALESTINE!!!",ActualPublicFreakouts,2023-10-06 15:56:47,1713681,1catcherintherye8,2020-01-18 16:22:33,60969.0
k3q9o5k,"2 out of $3 billion, Israel is obligated to purchase from American industries. The $1 billion is for technology development on Israeli side that is being shared with the US.

For example, US sends $2 billion each year for Egypt yet you can't consider them as a democracy and as for alliance, they are now flirting with Russia....

Funny right? Check all the countries that get aid from the US and tell me if they are democracies and what their alliance worth.",ActualPublicFreakouts,2023-10-06 15:41:03,1713681,system_deleted,,0.0
k3q870j,"Ok. That's it.

It's a bad thing which you condemn and also can't say it didn't happen.

I also think it's a bad thing and glad that this terrorist is in hell now.

Thank you.",ActualPublicFreakouts,2023-10-06 15:32:05,1713681,system_deleted,,0.0
k3q7f2l,"i think the man in the video is doing something bad. that says nothing about whether or not you are a propaganda account (which you obviously are)

yeah i didn’t say it didn’t happen, i said you’re a propaganda account lol. one look at your post history makes that obvious",ActualPublicFreakouts,2023-10-06 15:27:18,1713681,KhmerSpirit14,2022-06-10 16:18:31,3575.0
k3q7csy,"&gt; Israel has a functioning democracy and individual liberties

Funny how that works when you got the US sending you billions in aid.",ActualPublicFreakouts,2023-10-06 15:26:55,1713681,DoomGuyIII,,204.0
k3q6z0f,You can join Hamas or ISIS then.,ActualPublicFreakouts,2023-10-06 15:24:33,1713681,system_deleted,,0.0
k3q6ay9,Importantly to remember IDF terrorist families are also paid after their deaths.,ActualPublicFreakouts,2023-10-06 15:20:29,1713681,CJ4700,2017-07-16 23:25:27,61864.0
k3q64ic,Tell me you know nothin about Israel,ActualPublicFreakouts,2023-10-06 15:19:24,1713681,ShipTheBreadToFred,2009-10-12 23:52:37,35492.0
k3q5s1p,Free Palestine from the xenophobic and bigoted Israelis,ActualPublicFreakouts,2023-10-06 15:17:13,1713681,arturo_lemus,2013-03-22 01:17:41,147511.0
k3q5hiv,"Coming from the Israeli propaganda machine on the internet, ouch hurts so much",ActualPublicFreakouts,2023-10-06 15:15:23,1713681,showars,2013-10-21 23:10:00,16588.0
k3q5dzs,Another keyboard warrior ![gif](emote|free_emotes_pack|poop),ActualPublicFreakouts,2023-10-06 15:14:47,1713681,system_deleted,,0.0
k3q553w,Fuck Israel. Apartheid hypocritical cunts,ActualPublicFreakouts,2023-10-06 15:13:14,1713681,showars,2013-10-21 23:10:00,16588.0
k3q4xgf,"Free Palestine from Hamas terrorists.

They are not so different than ISIS.

What a beautiful language you use.",ActualPublicFreakouts,2023-10-06 15:11:55,1713681,system_deleted,,0.0
k3q4mep,"Nope, some of us are also from countries that have been oppressed and killed by invading countries. Anyone who previously was owned by Britain for example.",ActualPublicFreakouts,2023-10-06 15:10:00,1713681,showars,2013-10-21 23:10:00,16588.0
k3q4ea9,Free Palestine get fucked,ActualPublicFreakouts,2023-10-06 15:08:35,1713681,showars,2013-10-21 23:10:00,16588.0
k3q4apb,Hamas promotes the JQ and has stated their goal as removing Jews entirely from the region. Don’t get me wrong I don’t sympathize with the hardcore racist far-right Israelis who say the same thing about Palestinians. But let’s not pretend Hamas is a good thing.,ActualPublicFreakouts,2023-10-06 15:07:58,1713681,nike_rules,2010-11-22 15:27:53,94928.0
k3q3upg,I know many Jews that I love and I am glad that I have not met many people like you. Your arguments don’t makes sense asking for compassion based on hatred. Truly a Zionist for a cause that has nothing to do with your religion just based on colonization and oppression.,ActualPublicFreakouts,2023-10-06 15:05:11,1713681,No-Regret-8793,2020-10-09 19:09:10,6732.0
k3q1v04,"You don't want to answer, I wonder why?

Happened yesterday, I didn't make this up. 

What do you think of it?",ActualPublicFreakouts,2023-10-06 14:52:41,1713681,system_deleted,,0.0
k3q1lya,"Car recording is also firing , they firing on the insurgent?",ActualPublicFreakouts,2023-10-06 14:51:09,1713681,AWAYeez,2017-06-18 17:30:05,9339.0
k3q1dxa,lmao why? if you are clearly a propaganda account that seems pretty relevant.,ActualPublicFreakouts,2023-10-06 14:49:47,1713681,KhmerSpirit14,2022-06-10 16:18:31,3575.0
k3q0zzc,imagine murdering innocent people over a sky fairy,ActualPublicFreakouts,2023-10-06 14:47:21,1713681,mrgreenranger,2021-04-15 18:25:35,3373.0
k3pzzlq,I have seen videos of jews spitting on Christian tourists and abusing nuns.,ActualPublicFreakouts,2023-10-06 14:41:01,1713681,evilspeaks,,378.0
k3pyd9m,"Blind propagandized idiots in this thread (and most of reddit, who are also mostly idiots go figure) who just say both sides are the reason palestinians will never find peace or justice. You pretend to care about peace and safety but all you want is revenge.

Israel won already. There is no 'connection to the land' claim or anything like that in reality. Israel has a functioning democracy and individual liberties. Most of the middle east does not. Palestinians are responsible for almost all of the violence directed at them for the last two decades. If they put down their weapons, the war would be over.",ActualPublicFreakouts,2023-10-06 14:30:45,1713681,mehliana,2017-06-27 17:22:17,100302.0
k3pxp5g,Already here by the dozens lol.,ActualPublicFreakouts,2023-10-06 14:26:26,1713681,BlueToadDude,,63.0
k3pwxqy,FREE PALESTINE FROM OPPRESSIVE ISRAEL.,ActualPublicFreakouts,2023-10-06 14:21:32,1713681,zayyanzbh,2019-08-14 23:46:36,2000.0
k3pwf3n,Israel has been doing it to Palestinians for a very long time too…,ActualPublicFreakouts,2023-10-06 14:18:12,1713681,M4L1CI0U5,2020-08-10 15:22:16,1486.0
k3pvpp4,Leftists are fucking stupid,ActualPublicFreakouts,2023-10-06 14:13:35,1713681,OssamaBinHiding,,642.0
k3pvm4f,Zionist propaganda account not even trying to act like anything else.,ActualPublicFreakouts,2023-10-06 14:12:56,1713681,jaykaypeeness,2017-10-10 23:20:23,68939.0
k3pvm69,"Reply what you think of the video, not me.",ActualPublicFreakouts,2023-10-06 14:12:56,1713681,system_deleted,,0.0
k3puj3l,Innocent lives are being lost on both sides. That’s typically how war works.,ActualPublicFreakouts,2023-10-06 14:05:43,1713681,Odd-Emergency5839,2021-04-01 03:21:30,73728.0
k3pu4ct,OP is biased,ActualPublicFreakouts,2023-10-06 14:02:57,1713681,No-Task-4819,2020-10-25 07:48:41,2862.0
k3pu0yo,"Ironically the fact that you can call Israel fascist while staying in Israel is a good indicator of a healthy democracy. 

Try calling out MBS, Ayatollah, Al-Assad or any other peaceful leader for what they are and see true fascism in action.",ActualPublicFreakouts,2023-10-06 14:02:18,1713681,HousePotnis,2014-04-17 18:13:17,4296.0
k3ptdyg,Can’t wait to see all the pro-Palestinian trash come out of the gutters to defend a literal terrorist.,ActualPublicFreakouts,2023-10-06 13:57:58,1713681,IShiddedMyPantaloons,2023-01-24 02:25:09,38851.0
k3pt3bc,"Funny thing, fascist being the most popular description of Israel on Reddit, while by definition, Israel is the only non-fascist state in this whole region (with the exception of Lebanon)",ActualPublicFreakouts,2023-10-06 13:56:01,1713681,OssamaBinHiding,,642.0
k3pt0q2,Like Bernie Sanders.,ActualPublicFreakouts,2023-10-06 13:55:32,1713681,OutsideSkirt2,2019-06-07 17:52:43,1250.0
k3ppz8x,"Basically all reddit wants is - ""israel-so-bad"" posts

It's disgusting to see all these terrorist sympathisers commenting on israel being fascist and not one of them felt relieved that the Jewish family is safe and that the terrorist did not succeed. 

Long live Israel. Hope the Israeli forces helped this peaceful protestor to meet his peaceful Allah.",ActualPublicFreakouts,2023-10-06 13:34:27,1713681,HousePotnis,2014-04-17 18:13:17,4296.0
k3pnzpc,Sounds like projecting,ActualPublicFreakouts,2023-10-06 13:20:17,1713681,ResponsibleAnt4911,2022-04-03 21:56:06,2519.0
k3pmyau,"Yeah, but if you point out the irony of their military industrial complex wiping out Palestinian people bearing an uncanny resemblance to some guy in Germany in the 1930/40s you're antisemitic 🤷🏻‍♂️",ActualPublicFreakouts,2023-10-06 13:12:41,1713681,BoredBritOnReddit,2022-06-26 17:58:40,2129.0
k3pmcvx,Honey it’s time for your daily Zionist propaganda,ActualPublicFreakouts,2023-10-06 13:08:17,1713681,Automatic_Smile213,2022-11-25 14:34:52,1697.0
k3plzpb,"So now me being jew is your problem? And you call me a genocidal prick?

Reply to video not about me.

I'm not sure if you're a neo-nazi or jihadist but you are the example of this collaboration on Reddit.

Long Live Israel !",ActualPublicFreakouts,2023-10-06 13:05:29,1713681,system_deleted,,0.0
k3pltt6,i just found out im banned from that sub LMAOooo,ActualPublicFreakouts,2023-10-06 13:04:17,1713681,[deleted],,0.0
k3pkpfv,"Explains the bias. Funny you wrote to end violence is to recognize it first,with you being a genocidal prick and all. 

Fuck Israel.",ActualPublicFreakouts,2023-10-06 12:55:45,1713681,ElSoloLoboLoco,2019-01-26 14:32:11,17037.0
k3pk2z2,One man's terrorist is another man's freedom fighter,ActualPublicFreakouts,2023-10-06 12:50:57,1713681,JPWarnerr,2020-05-10 18:55:44,1332.0
k3pj492,"This is the most despicable defense mounted by Israel supporters. Do you think North Korea is a good country? If not you’re racist. How about China? You think they are justified in everything they do? If not you’re racist. Do you think Palestinians attacking Israel with rockets is bad? If so, you’re a confirmed racist. 

So. What is it? Are you racist or a rabid supporter of NK and China? Has to be one or the other apparently, so choose.",ActualPublicFreakouts,2023-10-06 12:43:16,1713681,Madhatter1317,2020-05-04 15:28:35,66765.0
k3pimps,Does that make you a minion of zionists? It’s weird to point the finger when you’re doing the same thing inverted. The hypocrisy over there is stunning.,ActualPublicFreakouts,2023-10-06 12:39:21,1713681,Madhatter1317,2020-05-04 15:28:35,66765.0
k3piid0,Maybe you also remember how it was Gaza randomly shelling Israeli civilian that kicked the 2014 fight into gear : and how [Hamas was (yet again) deliberately firing from civilian areas](https://www.theatlantic.com/international/archive/2014/09/hamas-quietly-admits-it-fired-rockets-from-civilian-areas/380149/) in order to dissuade Israeli counter-fire and create martyrs for their cause.,ActualPublicFreakouts,2023-10-06 12:38:24,1713681,HotBased,,8.0
k3pid0a,"Thanks for your comment, I enjoyed reading it.

I know that most Americans don't hate or support jihadists. Personally I appreciate American society and its contribution to the world with values of freedom, liberty and democracy. 

And it's clear who are those haters...",ActualPublicFreakouts,2023-10-06 12:37:13,1713681,system_deleted,,0.0
k3phht7,"Best nation in the region, by far.",ActualPublicFreakouts,2023-10-06 12:30:12,1713681,HotBased,,8.0
k3phbmi,"American here.  We’re not all lost to jew hating masked as “free Palestine”.   I appreciate your work and bringing attention to the other side of it because the buzz has devolved the past few years into “Israel bad, Palestine good”.   Both parties have blame, just like both parties should exist in their own states eventually.  Many of these hateful replies to you are by people that don’t understand the history of the conflict nor the nuance of it.",ActualPublicFreakouts,2023-10-06 12:28:46,1713681,Badabrench01,2019-06-13 19:55:26,30935.0
k3pek7a,"99.9% of people that just ""hate Israel"" are using it as a poorly hidden dogwhistle that means ""I hate Jews""",ActualPublicFreakouts,2023-10-06 12:05:10,1713681,Infinitepth799,,0.0
k3pddcf,Commentsection is so toxic the walls are turning blue.,ActualPublicFreakouts,2023-10-06 11:54:19,1713681,x_blocks,2019-06-05 15:38:18,2345.0
k3pbu5k,"So you condone the killings of innocent Israeli families ?

I don't think you hate Israel, I think you hate Jews.",ActualPublicFreakouts,2023-10-06 11:39:53,1713681,Hagl_Odin,2020-06-05 17:43:26,2977.0
k3p8b37,Wow you must really hate Palestine.,ActualPublicFreakouts,2023-10-06 11:03:34,1713681,undercooked_lasagna,2013-03-26 23:32:56,691232.0
k3p85ct,"&gt;Israel is an aparthied land grabbing facist genocidal racist state.

Now do Palestine.",ActualPublicFreakouts,2023-10-06 11:01:49,1713681,undercooked_lasagna,2013-03-26 23:32:56,691232.0
k3p7z5g,Yes.,ActualPublicFreakouts,2023-10-06 10:59:53,1713681,system_deleted,,0.0
k3p7d0l,"Not only settlers, some people come to fix their car or other things.",ActualPublicFreakouts,2023-10-06 10:52:57,1713681,system_deleted,,0.0
k3p6ovb,"I'm happy no one got hurt, but this happened in the West Bank and the people targeted were presumably settlers.",ActualPublicFreakouts,2023-10-06 10:45:12,1713681,HouseOfYass,2023-07-03 14:39:54,38631.0
k3p3wqz,Condemn is what I meant lol. Why did English had to be this way? Two opposing words which can massively change the meaning of a sentence with similar sound and somewhat similar spelling :D,ActualPublicFreakouts,2023-10-06 10:09:29,1713681,saman65,2016-09-18 18:31:48,212971.0
k3p3lzm,"It's area in which both Israelis and Palestinians live. It's from Huwara 

32.152217332555715, 35.25688504193543",ActualPublicFreakouts,2023-10-06 10:05:29,1713681,system_deleted,,0.0
k3p31dk,What does an Israeli family do driving around in what looks like an Arab town? Where did this happen?,ActualPublicFreakouts,2023-10-06 09:57:32,1713681,HouseOfYass,2023-07-03 14:39:54,38631.0
k3p28u1,"Bless you, don't let the haters stop you",ActualPublicFreakouts,2023-10-06 09:46:30,1713681,OssamaBinHiding,,642.0
k3p1xi5,Chdking,ActualPublicFreakouts,2023-10-06 09:41:58,1713681,OssamaBinHiding,,642.0
k3oy9k7,Almost ;).,CrazyFuckingVideos,2023-10-06 08:49:11,16yp4ky,MrStef85,2020-09-15 12:21:24,8039.0
k3oy0ey,Lots of people share your sentiment,ActualPublicFreakouts,2023-10-06 08:45:31,1713681,jacksmith0xff,,359.0
k3orj0r,Man literally said he condones the execution of children and pregnant civilians and is trying to take the high road,ActualPublicFreakouts,2023-10-06 07:13:15,1713681,bigbussybussin,2022-09-02 00:05:51,17564.0
k3oreu7,"It just annoys me because Mods are often genuinely fucking cowards, and while I'll still caveat saying even though that one mod was fucking useless I do give that dude a bit of respect for at least having the balls to reply to modmail. Mods can run their sub however they fucking like and I'm fine with that because I know that's how Reddit currently works, but FFS why are mods now such lazy fucks that can't even reply to modmail?",ActualPublicFreakouts,2023-10-06 07:11:40,1713681,46thAndTABBY,2023-04-20 17:59:55,60900.0
k3oqyhb,"I posted there in good faith and was upvoted quite a lot, and then someone asked in one of those ""Philly looting"" clips why they always got locked and I'll just show you [a screenshot that of what I see](https://files.catbox.moe/irjq78.png) of what got me banned because, and I'd like to point out if you find that post it's locked like I prophesized to the degree of the sun rising tomorrow, if I deserved a perma I'm still interested in anybody's conclusion why as the mods there are illiterate or incapable of doing so. I get that mods run the show in subs, but for fucks sake at least have a backbone about it...I'd have accepted:

&gt; Fuck you...we don't want you here.",ActualPublicFreakouts,2023-10-06 07:05:36,1713681,46thAndTABBY,2023-04-20 17:59:55,60900.0
k3opxvb,"I’m perma banned from there for a jokey comment. No warning, no reply from mods when I messaged twice asking why. They’re exactly the kind of mods people laugh at",ActualPublicFreakouts,2023-10-06 06:52:00,1713681,twinnedwithjim,2020-07-12 12:01:21,22636.0
k3opkfv,"99% of OP's posts are from r palestinian violence! You are lost mate and this is clearly a propaganda post.

Regardless of the content of this video, which I ~~condone~~ condemn, Israel is an aparthied land grabbing facist genocidal racist state. It's a fact and without US's protection you would have been sanctioned to the oblivion for your war crimes. I remember 2014 assault on Gaza like it was yesterday where you butchered 500 kids in 40 days.",ActualPublicFreakouts,2023-10-06 06:47:09,1713681,saman65,2016-09-18 18:31:48,212971.0
k3onqe0,"Not condoning anything but it’s become more and more apparent that a lot of the backlash is caused by the way the Orthodox Jews simply ignore the laws and shit on everyone else over there, whether they’re Muslim or catholic.   Maybe it’s time to address their contribution to the problem in an honest fashion

And too clarify I’m not using any ‘absolute’ statements and blaming every orthodox Jewish person, however if you don’t have the ability to step back and look at the continued back and forth then you should acknowledge your bias and be honest about it.   An innocent family driving in a car should not have to experience this, whether it’s in Israel or any other country.   The forced removal of families from their homes to provide room for expansion is repulsive - not a single person commenting would ever accept, stand for, or be happy if they were forcibly removed from their home bc someone else decided they want to live there.

Edit 2:  well that literally escalated quickly.   What a shit show.",ActualPublicFreakouts,2023-10-06 06:23:05,1713681,frontrange80220,2020-09-24 03:39:52,6773.0
k3ols07,"I think you're looking for the tilde.... this thing:

~

It's generally used to denote an author.",ActualPublicFreakouts,2023-10-06 05:58:31,1713681,46thAndTABBY,2023-04-20 17:59:55,60900.0
k3okvmj,"Sorry, my bad, I will delete my comment. 

As said, it's not my native tongue.

Sorry again.",ActualPublicFreakouts,2023-10-06 05:47:41,1713681,system_deleted,,0.0
k3okmga,"Huh? I was merely poking fun at how bad the gun man was in actually hitting his targets 🤷🏽‍♂️
Think about it, why would I even bring up ""stormtrooper"" if I was making fun of your grammar?",ActualPublicFreakouts,2023-10-06 05:44:39,1713681,CoffeeEducational356,2022-12-06 00:48:36,76720.0
k3ojfp4,"Damn I can spot a Hiab crane anywhere lol 
I need a vacation for real",ActualPublicFreakouts,2023-10-06 05:30:29,1713681,Concrete_jungle77,2022-03-26 16:32:55,4103.0
k3oirft,"If so, I'm sorry but that's what I understood, trying to laugh at the headline title.",ActualPublicFreakouts,2023-10-06 05:22:40,1713681,system_deleted,,0.0
k3oihpy,This is not what he said.. it was not about you or your english,ActualPublicFreakouts,2023-10-06 05:19:38,1713681,p0Gv6eUFSh6o,2017-10-27 06:23:17,4128.0
k3ohg2w,"""no injuries reported""...My guy trying to audition for the stormtrooper role so bad",ActualPublicFreakouts,2023-10-06 05:07:52,1713681,CoffeeEducational356,2022-12-06 00:48:36,76720.0
k3ofmhl,"Correct, they have funds for dead terrorists and prisoners. 

Sick.",ActualPublicFreakouts,2023-10-06 04:48:07,1713681,system_deleted,,0.0
k3ofh7i,"“We keep on being told that religion, whatever its imperfections, at least instills morality. On every side, there is conclusive evidence that the contrary is the case and that faith causes people to be more mean, more selfish, and perhaps above all, more stupid.”

- Christopher Hitchens.",ActualPublicFreakouts,2023-10-06 04:46:33,1713681,ygolotserp,2018-08-27 19:45:22,45073.0
k3offq6,Important to keep in mind his family is paid for his death by the Martyrs for Jihad fund. So while he did die he has secured his family income for a long time.,ActualPublicFreakouts,2023-10-06 04:46:06,1713681,Head_Plantain1882,2023-04-11 16:03:14,14313.0
k3nr78n,Well I have a impractical fear of balloons. So I would like to believe he is running from a surprise party.,CrazyFuckingVideos,2023-10-06 01:23:29,16yp4ky,Crabcawk,2018-12-15 19:33:35,3280.0
